,frequencia_sexo,porcentual_sexo
masculino,53250,69.29984383133785
feminino,23590,30.700156168662158
